name,organisation,plan-url,document-url,adopted-date,pins-publication-date
Adur District Council,local-authority-eng:ADU,https://www.adur-worthing.gov.uk/adur-local-plan/,"https://www.adur-worthing.gov.uk/media/media,147013,en.pdf",2017-12-14,
Allerdale Borough Council,local-authority-eng:ALL,https://www.allerdale.gov.uk/en/planning-building-control/planning-policy/local-plan-part-1/,https://www-cloudfront.allerdale.gov.uk/media/filer_public/75/ab/75ab8862-bdee-4f3d-850d-2735286da5c1/adopted_allerdale_local_plan_part_1_-_final_version_151014.pdf,2014-07-01,
Amber Valley Borough Council,local-authority-eng:AMB,http://www.cartogold.co.uk/AmberValley/text/00_cont.htm,?,2006-04-12,
Arun District Council,local-authority-eng:ARU,https://www.arun.gov.uk/adopted-local-plan,https://www.arun.gov.uk/download.cfm?doc=docm93jijm4n12844.pdf&ver=12984,2018-07-01,
Ashfield District Council,local-authority-eng:ASH,http://www.ashfield.gov.uk/residents/planning-building-control-and-land-charges/forward-planning/,?,,
Ashford Borough Council,local-authority-eng:ASF,https://www.ashford.gov.uk/planning-and-building-control/planning-policy/adopted-development-plan-documents/,https://www.ashford.gov.uk/media/7542/adopted-ashford-local-plan-2030-2.pdf,2002-11-01,
Aylesbury Vale District Council,local-authority-eng:AYL,https://www.barnsley.gov.uk/services/planning-and-buildings/local-planning-and-development/our-new-local-plan/barnsleys-local-plan/,?,,
Babergh District Council,local-authority-eng:BAB,https://www.babergh.gov.uk/planning/planning-policy/new-joint-local-plan/joint-local-plan-consultation-document/,https://www.babergh.gov.uk/assets/Strategic-Planning/JLP-Reg-18-Docs/BMSDC-Joint-Local-Plan-Consultation-Document-August-2017.pdf,2017-08-01,
Barnsley Metropolitan Borough Council,local-authority-eng:BNS,https://www.barnsley.gov.uk/services/planning-and-buildings/local-planning-and-development/our-new-local-plan/barnsleys-local-plan/,?,,
Barrow-in-Furness Borough Council,local-authority-eng:BAR,https://www.barrowbc.gov.uk/residents/planning/planning-policy/saved-local-plan/,https://www.barrowbc.gov.uk/EasySiteWeb/GatewayLink.aspx?alId=3984,2006-06-02,
Basildon District Council,local-authority-eng:BAI,https://www.basildon.gov.uk/adoptedplan,https://www.basildon.gov.uk/media/598/Basildon-District-Local-Plan-Saved-Policies-September-2007/pdf/Basildon_District_Local_Plan_Saved_Policies_-_September_2007.pdf?m=636759787325800000,1998-03-01,
Basingstoke and Deane Borough Council,local-authority-eng:BAN,https://www.basingstoke.gov.uk/planningpolicy,https://www.basingstoke.gov.uk/content/doclib/1592.pdf,2016-05-01,
Bassetlaw District Council,local-authority-eng:BAE,http://www.bassetlaw.gov.uk/planning-and-building/planning-services/planning-policy/core-strategy-and-development-policies/core-strategy/submission-documents/,http://www.bassetlaw.gov.uk/media/1579/lds.pdf,2009-08-01,
Bath and North East Somerset Council,local-authority-eng:BAS,http://www.bathnes.gov.uk/services/planning-and-building-control/planning-policy/local-plan-2016-2036,http://www.bathnes.gov.uk/sites/default/files/sitedocuments/Planning-and-Building-Control/Planning-Policy/LP20162036/banes_local_plan_2018_final_website.pdf,2018-12-01,
Bedford Borough Council,local-authority-eng:BDF,https://www.bedford.gov.uk/planning-and-building/planning-policy-its-purpose/local-plan-2002/,https://bbcdevwebfiles.blob.core.windows.net/webfiles/Files/Local_Plan_2002_Deleted_Policy_Version_Feb_09_unsecured.pdf,2002-10-01,
Birmingham City Council,local-authority-eng:BIR,https://www.birmingham.gov.uk/downloads/file/5433/adopted_birmingham_development_plan_2031,https://www.birmingham.gov.uk/download/downloads/id/5433/adopted_birmingham_development_plan_2031.pdf,2017-01-10,
Blaby District Council,local-authority-eng:BLA,http://www.blaby.gov.uk/resident/planning-and-building/planning-guidance-and-policies/,?,,
Blackburn with Darwen Borough Council,local-authority-eng:BBD,,?,,
Blackpool Council,local-authority-eng:BPL,https://www.blackpool.gov.uk/Residents/Planning-environment-and-community/Planning/Planning-policy/Blackpool-local-plan/Core-strategy.aspx,https://www.blackpool.gov.uk/Residents/Planning-environment-and-community/Documents/J118003-107575-2016-updated-17-Feb-2016-High-Res.pdf,2016-01-01,
Bolsover District Council,local-authority-eng:BOS,http://www.bolsover.gov.uk/LocalPlan/statement.htm,http://www.bolsover.gov.uk/LocalPlan/statement.htm,2007-09-28,
Bolton Metropolitan Borough Council,local-authority-eng:BOL,https://www.bolton.gov.uk/planning-policy-strategy/core-strategy/1,https://www.bolton.gov.uk/downloads/file/666/core-strategy,2011-03-02,
Borough of Poole,local-authority-eng:POL,http://www.poole.gov.uk/planning-and-building-control/planning-policy-and-guidance/,https://www.poole.gov.uk/_resources/assets/attachment/full/0/47235.pdf,2018-11-01,
Boston Borough Council,local-authority-eng:BOT,http://www.boston.gov.uk/index.aspx?articleid=3736#content,?,,
Bournemouth Borough Council,local-authority-eng:BMH,https://www.bournemouth.gov.uk/planningbuilding/PlanningPolicy/Local-Plan-Documents/Local-Plan-Documents.aspx,https://www.bournemouth.gov.uk/planningbuilding/CoreStrategyDocuments/Core-Strategy-(1).pdf,2012-10-01,
Bracknell Forest Borough Council,local-authority-eng:BRC,http://www.bracknell-forest.gov.uk/planning-and-building-control/planning/planning-policy,http://www.reading.gov.uk/media/1046/Core-Strategy-Adopted-January-2008/pdf/Core-Strategy-Adopted-Jan08-Altered-Jan15.pdf,2008-01-01,
Bradford City Council,local-authority-eng:BRD,https://www.bradford.gov.uk/planning-and-building-control/planning-policy/planning-policy,,,
Braintree District Council,local-authority-eng:BRA,http://www.braintree.gov.uk/downloads/200230/planning_policy,,,
Breckland District Council,local-authority-eng:BRE,http://www.breckland.gov.uk/planningpolicy,,,
Brentwood Borough Council,local-authority-eng:BRW,http://www.brentwood.gov.uk/index.php?cid=2170,,,
Brighton and Hove City Council,local-authority-eng:BNH,https://www.brighton-hove.gov.uk/content/planning/planning-policy/development-plans,https://www.brighton-hove.gov.uk/sites/brighton-hove.gov.uk/files/FINAL%20version%20cityplan%20March%202016compreswith%20forward_0.pdf,2016-03-01,
Bristol City Council,local-authority-eng:BST,https://www.bristol.gov.uk/planning-and-building-regulations/local-plan,https://www.bristol.gov.uk/documents/20182/34540/Core%20Strategy%20WEB%20PDF%20(low%20res%20with%20links)_0.pdf/f350d129-d39c-4d48-9451-1f84713a0ed8,2011-06-01,
Broadland District Council,local-authority-eng:BRO,http://www.broadland.gov.uk/info/200139/planning_for_future_development,,,
Bromsgrove District Council,local-authority-eng:BRM,http://www.bromsgrove.gov.uk/council/policy-and-strategy/planning-policies.aspx,,,
Broxbourne Borough Council,local-authority-eng:BRX,http://www.broxbourne.gov.uk/resident-planning-and-building/planning-policy,,,
Broxtowe Borough Council,local-authority-eng:BRT,http://www.broxtowe.gov.uk/for-you/planning/planning-policy/,,,
Buckinghamshire County Council,local-authority-eng:BKM,http://www.buckscc.gov.uk/services/environment/planning/minerals-and-waste-local-plan/introduction-to-minerals-and-waste-planning-policy/,,,
Burnley Borough Council,local-authority-eng:BUN,http://www.burnley.gov.uk/residents/planning/planning-policy,,,
Bury Metropolitan Borough Council,local-authority-eng:BUR,http://www.bury.gov.uk/index.aspx?articleid=10657,,,
Calderdale Metropolitan Borough Council,local-authority-eng:CLD,https://calderdale.gov.uk/v2/residents/environment-planning-and-building/planning/planning-policy,,,
Cambridge City Council,local-authority-eng:CAB,http://www.cambridge.gov.uk/planning-policy,,,
Cambridgeshire County Council,local-authority-eng:CAM,http://www.cambridgeshire.gov.uk/business/planning-and-development/planning-policy/,,,
Cannock Chase District Council,local-authority-eng:CAN,http://www.cannockchasedc.gov.uk/residents/planning-policy,,,
Canterbury City Council,local-authority-eng:CAT,http://www.canterbury.gov.uk/info/20076/development_plans/98/local_plan/1,,,
Carlisle City Council,local-authority-eng:CAR,http://www.carlisle.gov.uk/planning-policy/,,,
Castle Point Borough Council,local-authority-eng:CAS,http://www.castlepoint.gov.uk/planning-policy,,,
Central Bedfordshire Council,local-authority-eng:CBF,http://www.centralbedfordshire.gov.uk/planning/policy/crumb.aspx,,,
Charnwood Borough Council,local-authority-eng:CHA,http://www.charnwood.gov.uk/pages/planningpolicy,,,
Chelmsford Borough Council,local-authority-eng:CHL,http://www.chelmsford.gov.uk/planning-and-building-control/planning-policy-and-new-local-plan/new-local-plan/,,,
Cheltenham Borough Council,local-authority-eng:CHT,http://www.cheltenham.gov.uk/downloads/46/planning_policy,,,
Cherwell District Council,local-authority-eng:CHR,http://www.cherwell.gov.uk/planningpolicy,,,
Cheshire East Council,local-authority-eng:CHE,https://www.cheshireeast.gov.uk/planning/spatial_planning/cheshire_east_local_plan/local-plan-strategy/local_plan_strategy.aspx,https://www.cheshireeast.gov.uk/pdf/planning/local-plan/local-plan-strategy-web-version-1.pdf,2017-07-27,
Cheshire West and Chester Council,local-authority-eng:CHW,http://consult.cheshirewestandchester.gov.uk/portal/cwc_ldf/adopted_cwac_lp/lp_1_adopted?tab=files,http://consult.cheshirewestandchester.gov.uk/file/3310073,2015-01-29,
Chesterfield Borough Council,local-authority-eng:CHS,http://www.chesterfield.gov.uk/planning-and-building-control/planning-policy-and-the-local-plan.aspx,,,
Chichester District Council,local-authority-eng:CHI,http://www.chichester.gov.uk/planningpolicy,,,
Chiltern District Council,local-authority-eng:CHN,http://www.chiltern.gov.uk/planning/policy,,,
Chorley Council,local-authority-eng:CHO,http://website.chorley.gov.uk/Pages/AtoZ/Planning-Policy.aspx,,,
Christchurch Borough Council,local-authority-eng:CHC,http://www.dorsetforyou.gov.uk/planning-buildings-land/planning-policy/christchurch/local-development-framework/local-development-framework.aspx,,,
City of London,local-authority-eng:LND,http://www.cityoflondon.gov.uk/services/environment-and-planning/planning/planning-policy/Pages/default.aspx,,,
City of York Council,local-authority-eng:YOR,https://www.york.gov.uk/CurrentLocalPlan,http://www.york.gov.uk/download/downloads/id/3663/the_local_plan_2005_-_development_control_local_plan_full_document_and_appendices.pdf,2005-04-01,
Colchester Borough Council,local-authority-eng:COL,http://www.colchester.gov.uk/info/category/?id=planning-policy,,,
Copeland Borough Council,local-authority-eng:COP,https://www.copeland.gov.uk/content/copeland-local-plan-local-development-framework/,,,
Corby Borough Council,local-authority-eng:COR,http://www.corby.gov.uk/home/planning-and-building-control/planning-policy,,,
Cornwall Council,local-authority-eng:CON,http://www.cornwall.gov.uk/environment-and-planning/planning/planning-policy/,https://www.cornwall.gov.uk/media/22936789/adopted-local-plan-strategic-policies-2016.pdf,2016-11-01,
Cotswold District Council,local-authority-eng:COT,http://www.cotswold.gov.uk/residents/planning-building/planning-policy/,,,
Coventry City Council,local-authority-eng:COV,http://www.coventry.gov.uk/planningpolicy,,,
Craven District Council,local-authority-eng:CRA,http://www.cravendc.gov.uk/planning/planning-policy/,,,
Crawley Borough Council,local-authority-eng:CRW,http://crawley.gov.uk/pw/Planning_and_Development/Planning_Policy/index.htm,,,
Cumbria County Council,local-authority-eng:CMA,http://cumbria.gov.uk/planning-environment/policy/planningpolicy.asp,,,
Dacorum Borough Council,local-authority-eng:DAC,http://www.dacorum.gov.uk/home/planning-development/planning-strategic-planning,,,
Darlington Borough Council,local-authority-eng:DAL,https://www.darlington.gov.uk/environment-and-planning/planning/planning-and-environmental-policy/adopted-development-plan/local-plan/,https://www.darlington.gov.uk/media/2033/local-plan-statement.pdf,2001-09-01,
Dartford Borough Council,local-authority-eng:DAR,http://www.dartford.gov.uk/by-category/environment-and-planning2/new-planning-homepage/planning-policy,,,
Dartmoor National Park Authority,government-organisation:OT217,http://www.dartmoor.gov.uk/living-and-working/planning/planning-policy,,,
Daventry District Council,local-authority-eng:DAV,http://www.daventrydc.gov.uk/living/planning-policy/,,,
Derby City Council,local-authority-eng:DER,https://www.derby.gov.uk/environment-and-planning/planning/planning-policy/#Localplan,https://www.derby.gov.uk/media/derbycitycouncil/contentassets/documents/policiesandguidance/planning/Core%20Strategy_ADOPTED_DEC%202016_V3_WEB.pdf,2017-01-01,
Derbyshire County Council,local-authority-eng:DBY,http://www.derbyshire.gov.uk/environment/planning/planning-policy/planning-policy.aspx,,,
Derbyshire Dales District Council,local-authority-eng:DEB,http://www.derbyshiredales.gov.uk/planning-a-building-control/planning-policy,,,
Devon County Council,local-authority-eng:DEV,http://new.devon.gov.uk/planning/,,,
Doncaster Metropolitan Borough Council,local-authority-eng:DNC,http://www.doncaster.gov.uk/services/planning/local-development-framework-and-local-plan,,,
Dorset County Council,local-authority-eng:DOR,http://www.dorsetforyou.gov.uk/planning-buildings-land/planning-policy/planning-policy.aspx?folderIds=5542#,,,
Dover District Council,local-authority-eng:DOV,http://www.dover.gov.uk/Planning/Planning-Policy-and-Regeneration/Home.aspx,,,
Dudley Metropolitan Borough Council,local-authority-eng:DUD,http://www.dudley.gov.uk/resident/planning/planning-policy/,,,
Durham County Council,local-authority-eng:DUR,,,,
East Cambridgeshire District Council,local-authority-eng:ECA,http://www.eastcambs.gov.uk/local-development-framework/planning-policy,,,
East Devon District Council,local-authority-eng:EDE,http://eastdevon.gov.uk/planning/planning-policy/,,,
East Dorset District Council,local-authority-eng:EDO,https://www.dorsetforyou.gov.uk/planning-buildings-land/planning-policy/east-dorset/local-development-framework/local-development-framework.aspx,,,
East Hampshire District Council,local-authority-eng:EHA,http://www.easthants.gov.uk/planning-policy,,,
East Hertfordshire District Council,local-authority-eng:EHE,http://www.eastherts.gov.uk/planningpolicy,,,
East Lindsey District Council,local-authority-eng:ELI,http://www.e-lindsey.gov.uk/article/5112/Planning,,,
East Northamptonshire Council,local-authority-eng:ENO,http://www.east-northamptonshire.gov.uk/planningpolicy,,,
East Riding of Yorkshire Council,local-authority-eng:ERY,https://www.eastriding.gov.uk/environment/planning-and-building-control/planning-policy/what-is-the-east-riding-local-plan/,https://www.eastriding.gov.uk/EasySiteWeb/GatewayLink.aspx?alId=627778,2016-04-01,
East Staffordshire Borough Council,local-authority-eng:EST,http://www.eaststaffsbc.gov.uk/planning/planning-policy,,,
East Sussex County Council,local-authority-eng:ESX,http://www.eastsussex.gov.uk/environment/planning/planningsystem/localpolicy/,,,
Eastbourne Borough Council,local-authority-eng:EAS,http://www.lewes-eastbourne.gov.uk/planning-policy/,,,
Eastleigh Borough Council,local-authority-eng:EAT,http://www.eastleigh.gov.uk/planning-and-building/planning-policy-and-implementation,,,
Eden District Council,local-authority-eng:EDN,http://www.eden.gov.uk/planning-and-building/planning-policy/,,,
Elmbridge Borough Council,local-authority-eng:ELM,http://www.elmbridge.gov.uk/planning/a-guide-to-planning-policy/,,,
Epping Forest District Council,local-authority-eng:EPP,http://www.efdclocalplan.org/,,,
Epsom and Ewell Borough Council,local-authority-eng:EPS,http://www.epsom-ewell.gov.uk/residents/planning/planning-policy,,,
Erewash Borough Council,local-authority-eng:ERE,http://www.erewash.gov.uk/for-you/planning-policy.html,,,
Essex County Council,local-authority-eng:ESS,http://www.essex.gov.uk/Environment%20Planning/Minerals-Waste-Planning-Team/Planning-Policy/Pages/Default.aspx,,,
Exeter City Council,local-authority-eng:EXE,http://exeter.gov.uk/planning-services/,,,
Exmoor National Park Authority,government-organisation:OT219,http://www.exmoor-nationalpark.gov.uk/planning/planning-policy,,,
Fareham Borough Council,local-authority-eng:FAR,http://www.fareham.gov.uk/planning/local_plan/intro.aspx,,,
Fenland District Council,local-authority-eng:FEN,http://www.fenland.gov.uk/planningpolicy,,,
Forest Heath District Council,local-authority-eng:FOR,http://www.westsuffolk.gov.uk/planning/planning_policies/,,,
Forest of Dean District Council,local-authority-eng:FOE,http://www.fdean.gov.uk/residents/planning-building/planning-policy/,,,
Fylde Borough Council,local-authority-eng:FYL,http://www.fylde.gov.uk/council/planning-policy--local-plan-/,,,
Gateshead Metropolitan Borough Council,local-authority-eng:GAT,http://www.gateshead.gov.uk/article/2957/Planning-Policy-and-Local-Plan,,,
Gedling Borough Council,local-authority-eng:GED,http://www.gedling.gov.uk/resident/planningandbuildingcontrol/planningpolicy/,,,
GLA,local-authority-eng:GLA,https://www.london.gov.uk/what-we-do/planning/london-plan,,,
Gloucester City Council,local-authority-eng:GLO,http://www.gloucester.gov.uk/planning-development/planning-policy/,,,
Gloucestershire County Council,local-authority-eng:GLS,http://www.gloucestershire.gov.uk/planning-and-environment/planning-policy/,,,
Gosport Borough Council,local-authority-eng:GOS,http://www.gosport.gov.uk/sections/your-council/council-services/planning-section/local-development-framework/gosport-borough-local-plan-2029/,,,
Gravesham Borough Council,local-authority-eng:GRA,http://www.gravesham.gov.uk/home/planning-and-building/local-plan/overview,,,
Great Yarmouth Borough Council,local-authority-eng:GRY,http://www.great-yarmouth.gov.uk/current-planning-policies,,,
Guildford Borough Council,local-authority-eng:GRT,http://www.guildford.gov.uk/planningpolicy,,,
Halton Borough Council,local-authority-eng:HAL,http://www4.halton.gov.uk/Pages/planning/policyguidance/planningplans.aspx,https://www4.halton.gov.uk/Pages/planning/policyguidance/pdf/CoreStrategy.pdf,2013-04-01,
Hambleton District Council,local-authority-eng:HAE,http://www.hambleton.gov.uk/info/20172/planning_policy,,,
Hampshire County Council,local-authority-eng:HAM,http://www.hants.gov.uk/landplanningandenvironment/strategic-planning,,,
Harborough District Council,local-authority-eng:HAO,http://www.harborough.gov.uk/planning-strategy,,,
Harlow District Council,local-authority-eng:HAR,http://www.harlow.gov.uk/local-plan,,,
Harrogate Borough Council,local-authority-eng:HAG,http://www.harrogate.gov.uk/homepage/103/planning_policy_and_the_local_plan,,,
Hart District Council,local-authority-eng:HAT,https://www.hart.gov.uk/Current-planning-policy-guidance,,,
Hartlepool Borough Council,local-authority-eng:HPL,https://www.hartlepool.gov.uk/downloads/download/101/01_hartlepool_local_plan_2018,https://www.hartlepool.gov.uk/download/downloads/id/4393/hartlepool_local_plan_-_adopted_may_2018pdf.pdf,2018-05-01,
Hastings Borough Council,local-authority-eng:HAS,http://www.hastings.gov.uk/planning/policy/,,,
Havant Borough Council,local-authority-eng:HAA,http://www.havant.gov.uk/planning-policy,,,
Herefordshire Council,local-authority-eng:HEF,https://www.herefordshire.gov.uk/downloads/download/123/adopted_core_strategy,https://www.herefordshire.gov.uk/download/downloads/id/1788/core_strategy_sections_combined.pdf,2015-10-01,
Hertfordshire County Council,local-authority-eng:HRT,https://www.hertfordshire.gov.uk/services/recycling-waste-and-environment/planning-in-hertfordshire/minerals-and-waste-planning/minerals-planning/minerals-planning.aspx,,,
Hertsmere Borough Council,local-authority-eng:HER,http://www.hertsmere.gov.uk/Planning--Building-Control/Planning-Policy/Planning-Policy.aspx,,,
High Peak Borough Council,local-authority-eng:HIG,http://www.highpeak.gov.uk/article/301/Planning-policy,,,
Hinckley and Bosworth Borough Council,local-authority-eng:HIN,http://www.hinckley-bosworth.gov.uk/planning_policy,,,
Horsham District Council,local-authority-eng:HOR,http://www.horsham.gov.uk/planningpolicy/planning-policy,,,
Huntingdonshire District Council,local-authority-eng:HUN,http://www.huntingdonshire.gov.uk/planning/planning-policy-documents/,,,
Hyndburn Borough Council,local-authority-eng:HYN,http://www.hyndburnbc.gov.uk/category/information/business/planning/planning-policy-planning/,,,
Ipswich Borough Council,local-authority-eng:IPS,http://www.ipswich.gov.uk/services/planning-policy,,,
Isle of Wight Council,local-authority-eng:IOW,https://www.iow.gov.uk/Residents/Environment-Planning-and-Waste/Planning-Policy-new/Core-Strategy/About4,https://www.iow.gov.uk/azservices/documents/2776-Core-Strategy-Adopted-March-2012-updated-web-links-May-2013-with-cover.pdf,2012-03-01,
Isles of Scilly Council,local-authority-eng:IOS,http://www.scilly.gov.uk/planning/local-plan,,,
Kent County Council,local-authority-eng:KEN,http://www.kent.gov.uk/about-the-council/strategies-and-policies/environment-waste-and-planning-policies,,,
Kettering Borough Council,local-authority-eng:KET,http://www.kettering.gov.uk/info/20058/planning_strategies_and_policies,,,
Borough Council of King's Lynn and West Norfolk,local-authority-eng:KIN,http://www.west-norfolk.gov.uk/homepage/19/planning_policy_and_local_plan,,,
Kingston upon Hull City Council,local-authority-eng:KHL,http://www.hull.gov.uk/council-and-democracy/policies-and-plans/local-plan,http://hullcc-consult.limehouse.co.uk/file/4824425,2017-11-01,
Royal Borough of Kingston upon Thames,local-authority-eng:KTT,http://www.kingston.gov.uk/info/200157/planning_strategies_and_policies,,,
Kirklees Metropolitan Borough Council,local-authority-eng:KIR,http://www.kirklees.gov.uk/beta/planning-and-development.aspx,,,
Knowsley Metropolitan Borough Council,local-authority-eng:KWL,http://www.knowsley.gov.uk/residents/building-and-planning/local-plan,,,
Lake District National Park Authority,government-organisation:OT220,http://www.lakedistrict.gov.uk/planning/planningpolicies,,,
Lancashire County Council,local-authority-eng:LAN,http://www.lancashire.gov.uk/council/planning/local-planning-policy-for-minerals-and-waste/,,,
Lancaster City Council,local-authority-eng:LAC,http://www.lancaster.gov.uk/planning/planning-policy/,,,
Leeds City Council,local-authority-eng:LDS,https://www.leeds.gov.uk/planning/planning-policy,,,
Leicester City Council,local-authority-eng:LCE,https://www.leicester.gov.uk/your-council/policies-plans-and-strategies/planning-and-development/adopted-planning-policy/,https://www.leicester.gov.uk/media/179023/core-strategy-adopted-july-2014.pdf,2014-07-01,
Leicestershire County Council,local-authority-eng:LEC,http://www.leicestershire.gov.uk/environment-and-planning/planning/minerals-and-waste-local-plan/policy-documents,,,
Lewes District Council,local-authority-eng:LEE,http://www.lewes-eastbourne.gov.uk/planning-policy/,,,
Lichfield District Council,local-authority-eng:LIF,http://www.lichfielddc.gov.uk/Council/Planning/The-local-plan-and-planning-policy/Planning-policy.aspx,,,
Lincoln City Council,local-authority-eng:LIC,http://www.lincoln.gov.uk/your-council/policies-publications-and-information/planning-and-building-policies-and-publications/,,,
Lincolnshire County Council,local-authority-eng:LIN,http://www.lincolnshire.gov.uk/residents/environment-and-planning/planning-and-development/,,,
Liverpool City Council,local-authority-eng:LIV,http://liverpool.gov.uk/planning-and-building-control/guidance-and-policies/,,,
London Borough of Barking and Dagenham,local-authority-eng:BDG,http://www.lbbd.gov.uk/planning-guidance-and-policies,,,
London Borough of Barnet,local-authority-eng:BNE,http://barnet.gov.uk/citizen-home/planning-conservation-and-building-control/planning-policies-and-further-information.html,,,
London Borough of Bexley,local-authority-eng:BEX,http://www.bexley.gov.uk/services/planning-and-building-control/planning-policy,,,
London Borough of Brent,local-authority-eng:BEN,https://www.brent.gov.uk/services-for-residents/planning-and-building-control/planning-policy/local-plan/,,,
London Borough of Bromley,local-authority-eng:BRY,http://www.bromley.gov.uk/info/1004/planning_policy,,,
London Borough of Camden,local-authority-eng:CMD,https://www.camden.gov.uk/local-plan-documents,,,
London Borough of Croydon,local-authority-eng:CRY,http://www.croydon.gov.uk/planningandregeneration/framework/localplan/clppolicies,,,
London Borough of Ealing,local-authority-eng:EAL,https://www.ealing.gov.uk/info/201162/planning_policy,,,
London Borough of Enfield,local-authority-eng:ENF,http://new.enfield.gov.uk/services/planning/planning-policy/local-plan/,,,
Royal Borough of Greenwich,local-authority-eng:GRE,http://www.royalgreenwich.gov.uk/info/200191/planning_policy_and_strategy,,,
London Borough of Hackney,local-authority-eng:HCK,http://hackney.gov.uk/planning-policy,,,
London Borough of Hammersmith and Fulham,local-authority-eng:HMF,http://www.lbhf.gov.uk/planning/planning-policy/local-plan,,,
London Borough of Haringey,local-authority-eng:HRY,http://haringey.gov.uk/planning-and-building-control/planning/planning-policy,,,
London Borough of Harrow,local-authority-eng:HRW,http://www.harrow.gov.uk/info/856/local_plan,,,
London Borough of Havering,local-authority-eng:HAV,http://www.havering.gov.uk/info/20034/planning/183/planning_policy/6,,,
London Borough of Hillingdon,local-authority-eng:HIL,http://www.hillingdon.gov.uk/planning,,,
London Borough of Hounslow,local-authority-eng:HNS,http://www.hounslow.gov.uk/info/20034/planning_policy,,,
London Borough of Islington,local-authority-eng:ISL,http://www.islington.gov.uk/planning/planning-policy,,,
London Borough of Lambeth,local-authority-eng:LBH,http://lambeth.gov.uk/planning-and-building-control/planning-policy,,,
London Borough of Lewisham,local-authority-eng:LEW,http://www.lewisham.gov.uk/myservices/planning/policy/Pages/default.aspx,,,
London Borough of Merton,local-authority-eng:MRT,http://www.merton.gov.uk/planning-and-buildings/planning/planning-policy,,,
London Borough of Newham,local-authority-eng:NWM,http://www.newham.gov.uk/Pages/ServiceChild/Planning-policy-documents.aspx,,,
London Borough of Redbridge,local-authority-eng:RDB,http://redbridge.gov.uk/planning-and-building/planning-policy/,,,
London Borough of Richmond upon Thames,local-authority-eng:RIC,http://www.richmond.gov.uk/services/planning/planning_policy,,,
London Borough of Southwark,local-authority-eng:SWK,http://www.southwark.gov.uk/planning-and-building-control/planning-policy-and-transport-policy,,,
London Borough of Sutton,local-authority-eng:STN,http://www.sutton.gov.uk/info/200464/planning_policy,,,
London Borough of Tower Hamlets,local-authority-eng:TWH,https://www.towerhamlets.gov.uk/lgnl/planning_and_building_control/planning_policy_guidance/Local_plan/local_plan.aspx,,,
London Borough of Waltham Forest,local-authority-eng:WFT,http://walthamforest.gov.uk/service-categories/planning-policy,,,
London Borough of Wandsworth,local-authority-eng:WND,http://www.wandsworth.gov.uk/downloads/1004/planning_policy,,,
City of Westminster,local-authority-eng:WSM,http://www.westminster.gov.uk/planning-policy,,,
London Legacy Development Corporation,development-corporation:1,https://www.queenelizabetholympicpark.co.uk/planning-authority/planning-policy,,,
Luton Borough Council,local-authority-eng:LUT,https://www.luton.gov.uk/Environment/Planning/Regional%20and%20local%20planning/Pages/Local%20Plan%202011%20-%202031.aspx,https://www.luton.gov.uk/Environment/Lists/LutonDocuments/PDF/Local%20Plan/adoption/Luton-Local-Plan-2011-2031-November-2017.pdf,2017-11-01,
Maidstone Borough Council,local-authority-eng:MAI,http://www.maidstone.gov.uk/home/primary-services/planning-and-building/primary-areas/local-plan-information/tier-3-primary-areas/planning-guidance,,,
Maldon District Council,local-authority-eng:MAL,http://www.maldon.gov.uk/info/20048/planning_policy,,,
Malvern Hills District Council,local-authority-eng:MAV,http://www.malvernhills.gov.uk/the-planning-policy-framework,,,
Manchester City Council,local-authority-eng:MAN,http://secure.manchester.gov.uk/info/200074/planning/1562/about_the_local_development_framework_ldf,,,
Mansfield District Council,local-authority-eng:MAS,http://www.mansfield.gov.uk/article/5804/Planning-policies,,,
Medway Council,local-authority-eng:MDW,https://www.medway.gov.uk/info/200149/planning_policy/146/current_planning_policies/3,https://www.medway.gov.uk/download/downloads/id/2400/medway_local_plan_2003.pdf,2003-05-14,
Melton Borough Council,local-authority-eng:MEL,http://www.melton.gov.uk/info/1004/planning_policy,,,
Mendip District Council,local-authority-eng:MEN,http://www.mendip.gov.uk/planningpolicy,,,
Mid Devon District Council,local-authority-eng:MDE,http://www.middevon.gov.uk/residents/planning-policy/,,,
Mid Suffolk District Council,local-authority-eng:MSU,https://www.babergh.gov.uk/planning/planning-policy/new-joint-local-plan/joint-local-plan-consultation-document/,https://www.babergh.gov.uk/assets/Strategic-Planning/JLP-Reg-18-Docs/BMSDC-Joint-Local-Plan-Consultation-Document-August-2017.pdf,2017-08-01,
Mid Sussex District Council,local-authority-eng:MSS,http://www.midsussex.gov.uk/planning-building/planning-policy/,,,
Middlesbrough Borough Council,local-authority-eng:MDB,https://www.middlesbrough.gov.uk/planning-and-housing/planning/planning-policy/housing-local-plan,https://middlesbrough.gov.uk/sites/default/files/PlanPol-Housing_Local_Plan.pdf,2014-11-01,
Milton Keynes Council,local-authority-eng:MIK,,,,
Mole Valley District Council,local-authority-eng:MOL,http://www.molevalley.gov.uk/index.cfm?articleid=17327,,,
New Forest District Council,local-authority-eng:NEW,http://www.newforest.gov.uk/planningpolicy/,,,
New Forest National Park Authority,government-organisation:OT222,http://www.newforestnpa.gov.uk/planning_category/planning-policy/,,,
Newark and Sherwood District Council,local-authority-eng:NEA,http://www.newark-sherwooddc.gov.uk/planningpolicy/,,,
Newcastle City Council,local-authority-eng:NET,http://www.newcastle.gov.uk/planning-and-buildings/planning-policy,,,
Newcastle-under-Lyme Borough Council,local-authority-eng:NEC,https://www.newcastle-staffs.gov.uk/all-services/planning/planning-policy/current-development-plan/newcastle-under-lyme-and-stoke-trent,https://www.newcastle-staffs.gov.uk/sites/default/files/IMCE/Planning/Planning_Policy/SpatialStrategy/Core%20Strategy%20Final%20Version%20-%2028th%20October.pdf,2009-10-01,
Norfolk County Council,local-authority-eng:NFK,http://www.norfolk.gov.uk/what-we-do-and-how-we-work/policy-performance-and-partnerships/policies-and-strategies/minerals-and-waste-planning-policies/adopted-policy-documents,,,
North Devon District Council,local-authority-eng:NDE,http://www.northdevon.gov.uk/planning-and-building-control/local-plan/,,,
North Dorset District Council,local-authority-eng:NDO,http://www.dorsetforyou.gov.uk/planning-buildings-land/planning-policy/north-dorset/local-planning-policy-north-dorset.aspx,,,
North East Derbyshire District Council,local-authority-eng:NED,http://www.ne-derbyshire.gov.uk/index.php/resident/local-plan,,,
North East Lincolnshire Council,local-authority-eng:NEL,https://www.nelincs.gov.uk/planning-and-development/planning-policy/the-local-plan/the-new-local-plan/north-east-lincolnshire-local-plan-2013-2032-adopted-2018/#1525277084029-84bfeb78-ea05,https://www.nelincs.gov.uk/wp-content/uploads/2018/05/20180518-AdoptedLocalPlan2018-WEB.pdf,2018-05-01,
North Hertfordshire District Council,local-authority-eng:NHE,http://north-herts.gov.uk/home/planning/planning-policy,,,
North Kesteven District Council,local-authority-eng:NKE,http://www.n-kesteven.gov.uk/residents/planning-and-building/planning/planning-policy/,,,
North Lincolnshire Council,local-authority-eng:NLN,https://www.northlincs.gov.uk/planning-and-environment/planning-policy/core-strategy/,http://www.planning.northlincs.gov.uk/planningreports/corestratergy/adopteddpd/FullCoreStrategy.pdf,2011-06-01,
North Norfolk District Council,local-authority-eng:NNO,http://www.north-norfolk.gov.uk/planningpolicy/,,,
North Somerset Council,local-authority-eng:NSM,http://www.n-somerset.gov.uk/my-services/planning-building-control/planningpolicy/core-strategy/corestrategy/,http://www.n-somerset.gov.uk/wp-content/uploads/2015/11/Core-Strategy-adopted-version.pdf,2017-01-01,
North Tyneside Council,local-authority-eng:NTY,http://my.northtyneside.gov.uk/category/1088/planning-policy,,,
North Warwickshire Borough Council,local-authority-eng:NWA,http://www.northwarks.gov.uk/info/20002/planning/1357/new_local_plan,,,
North West Leicestershire District Council,local-authority-eng:NWL,http://www.nwleics.gov.uk/pages/planning_policy,,,
North York Moors National Park Authority,government-organisation:OT223,http://www.northyorks.gov.uk/planning-policy,,,
North Yorkshire County Council,local-authority-eng:NYK,http://www.northyorks.gov.uk/local-plans,,,
Northampton Borough Council,local-authority-eng:NOR,http://www.northampton.gov.uk/info/200205/planning-for-the-future/1746/northampton-planning-policy/1,,,
Northamptonshire County Council,local-authority-eng:NTH,http://www3.northamptonshire.gov.uk/councilservices/environment-and-planning/planning/planning-policy/Pages/default.aspx,,,
Northumberland County Council,local-authority-eng:NBL,http://www.northumberland.gov.uk/Planning/Planning-policy/Plan.aspx,,,
Northumberland National Park Authority,government-organisation:OT543,https://www.northumberlandnationalpark.org.uk/planning/planning-policy/local-plan/,,,
Norwich City Council,local-authority-eng:NOW,http://www.norwich.gov.uk/downloads/20022/planning_policy,,,
Nottingham City Council,local-authority-eng:NGM,https://www.nottinghamcity.gov.uk/planning-and-building-control/planning-policy/the-local-plan-and-planning-policy/the-adopted-local-plan/,http://www.nottinghaminsight.org.uk/d/94289,2005-11-01,
Nottinghamshire County Council,local-authority-eng:NTT,http://www.nottinghamshire.gov.uk/planning-and-environment,,,
Nuneaton & Bedworth Borough Council,local-authority-eng:NUN,https://www.nuneatonandbedworth.gov.uk/info/21014/planning_policy/146/borough_plan_information,,,
Oadby and Wigston Borough Council,local-authority-eng:OAD,http://www.oadby-wigston.gov.uk/pages/oadby_and_wigston_local_development_framework,,,
Old Oak and Park Royal Development Coroporation,development-corporation:2,https://www.london.gov.uk/about-us/organisations-we-work/old-oak-and-park-royal-development-corporation-opdc/planning-old-oak-and-park-royal/opdc-planning-policy,,,
Oldham Metropolitan Borough Council,local-authority-eng:OLD,http://www.oldham.gov.uk/info/200351/planning,,,
Oxford City Council,local-authority-eng:OXO,http://www.oxford.gov.uk/info/20067/planning_policy,,,
Oxfordshire County Council,local-authority-eng:OXF,http://www.oxfordshire.gov.uk/residents/environment-and-planning/planning/planning-policy,,,
Peak District National Park Authority,government-organisation:OT545,https://www.peakdistrict.gov.uk/planning/how-we-work/policies-and-guides/core-strategy,,,
Pendle Borough Council,local-authority-eng:PEN,http://www.pendle.gov.uk/info/20072/planning_policies/273/local_plan/1,,,
Peterborough City Council,local-authority-eng:PTE,https://www.peterborough.gov.uk/council/planning-and-development/planning-policies/local-development-plan/,https://drive.google.com/file/d/0B_3f1SsdQbrNeFVSYVplSnlyOU0/view,2011-02-23,
Plymouth City Council,local-authority-eng:PLY,https://www.plymouth.gov.uk/planningandbuildingcontrol/plymouthandsouthwestdevonjointlocalplan,https://www.plymouth.gov.uk/sites/default/files/PlymouthSouthWestDevonJointLocalPlanSubmission.pdf,2017-07-01,
Portsmouth City Council,local-authority-eng:POR,https://www.portsmouth.gov.uk/ext/development-and-planning/planning/portsmouth-city-local-plan-adopted-2006,https://www.portsmouth.gov.uk/ext/documents-external/pln-portsmouth-city-local-plan-with-2012-policies-deleted.pdf,2006-07-01,
Preston City Council,local-authority-eng:PRE,http://www.preston.gov.uk/yourservices/planning/planning-policy/about-planning-policy/,,,
Purbeck District Council,local-authority-eng:PUR,"http://www.dorsetforyou.gov.uk/planning-buildings-land/planning-buildings-and-land.aspx?folderIds=5542,26350,8794",,,
Reading Borough Council,local-authority-eng:RDG,http://www.reading.gov.uk/readingldf,http://www.reading.gov.uk/media/1046/Core-Strategy-Adopted-January-2008/pdf/Core-Strategy-Adopted-Jan08-Altered-Jan15.pdf,2008-01-01,
Redcar and Cleveland Borough Council,local-authority-eng:RCC,https://www.redcar-cleveland.gov.uk/resident/planning-and-building/strategic%20planning/Pages/local-plan.aspx,https://www.redcar-cleveland.gov.uk/resident/planning-and-building/strategic%20planning/Documents/Local%20Plan%20Adopted%20May%202018.pdf,2018-05-01,
Redditch Borough Council,local-authority-eng:RED,http://www.redditchbc.gov.uk/council/policy-and-strategy/planning-policies.aspx,,,
Reigate and Banstead Borough Council,local-authority-eng:REI,http://www.reigate-banstead.gov.uk/info/20088/planning_policy,,,
Ribble Valley Borough Council,local-authority-eng:RIB,http://www.ribblevalley.gov.uk/info/200364/planning_policies,,,
Richmondshire District Council,local-authority-eng:RIH,http://www.richmondshire.gov.uk/planning/planning-policy/,,,
Rochdale Metropolitan Borough Council,local-authority-eng:RCH,http://www.rochdale.gov.uk/planning-and-building/local-planning-policy,,,
Rochford District Council,local-authority-eng:ROC,http://www.rochford.gov.uk/planning-and-building/planning-policy,,,
Rossendale Borough Council,local-authority-eng:ROS,http://www.rossendale.gov.uk/homepage/10095/local_plan,,,
Rother District Council,local-authority-eng:ROH,http://www.rother.gov.uk/planningpolicy,,,
Rotherham Metropolitan Borough Council,local-authority-eng:ROT,http://www.rotherham.gov.uk/planningpolicy,,,
Royal Borough of Kensington and Chelsea,local-authority-eng:KEC,http://www.rbkc.gov.uk/planning-and-building-control/planning-policy/planning-policy,,,
Royal Borough of Windsor and Maidenhead,local-authority-eng:WNM,https://www3.rbwm.gov.uk/info/201026/borough_local_plan/1351/submission/1,http://consult.rbwm.gov.uk/file/4856163,2018-01-31,
Rugby Borough Council,local-authority-eng:RUG,http://www.rugby.gov.uk/info/20004/planning_strategy,,,
Runnymede Borough Council,local-authority-eng:RUN,http://www.runnymede.gov.uk/planningpolicy,,,
Rushcliffe Borough Council,local-authority-eng:RUS,http://www.rushcliffe.gov.uk/planningpolicy/,,,
Rushmoor Borough Council,local-authority-eng:RUH,http://www.rushmoor.gov.uk/planningpolicy,,,
Rutland County Council,local-authority-eng:RUT,https://www.rutland.gov.uk/my-services/planning-and-building-control/planning/planning-policy/local-plan/,https://www.rutland.gov.uk/EasySiteWeb/GatewayLink.aspx?alId=27315,2011-07-01,
Ryedale District Council,local-authority-eng:RYE,http://www.ryedaleplan.org.uk/,,,
Salford City Council,local-authority-eng:SLF,http://www.salford.gov.uk/planning-building-and-regeneration/planning-policies/,,,
Sandwell Metropolitan Borough Council,local-authority-eng:SAW,http://www.sandwell.gov.uk/info/200275/planning_and_buildings/950/planning_policy,,,
Scarborough Borough Council,local-authority-eng:SCE,http://www.scarborough.gov.uk/home/planning/planning-policy,,,
Sedgemoor District Council,local-authority-eng:SEG,http://www.sedgemoor.gov.uk/planningpolicy,,,
Sefton Metropolitan Borough Council,local-authority-eng:SFT,http://www.sefton.gov.uk/localplan,,,
Selby District Council,local-authority-eng:SEL,http://www.selby.gov.uk/planning-policy,,,
Sevenoaks District Council,local-authority-eng:SEV,http://www.sevenoaks.gov.uk/info/20014/planning_policy,,,
Sheffield City Council,local-authority-eng:SHF,http://www.sheffield.gov.uk/content/sheffield/home/planning-development.html,,,
Folkestone and Hythe District Council,local-authority-eng:SHE,http://www.folkestone-hythe.gov.uk/planning/planning-policy,,,
Shropshire Council,local-authority-eng:SHR,http://www.shropshire.gov.uk/media/8534/core-strategy.pdf,http://www.shropshire.gov.uk/media/8534/core-strategy.pdf,2011-03-01,
Slough Borough Council,local-authority-eng:SLG,http://www.slough.gov.uk/council/strategies-plans-and-policies/slough-local-plan-2026.aspx,http://www.slough.gov.uk/downloads/Adopted_Core_Strategy_16-12-08.pdf,2008-12-01,
Solihull Metropolitan Borough Council,local-authority-eng:SOL,http://www.solihull.gov.uk/planningservices,,,
Somerset County Council,local-authority-eng:SOM,http://www.somerset.gov.uk/environment-and-planning/planning/planning-control/,,,
South Buckinghamshire District Council,local-authority-eng:SBU,http://www.southbucks.gov.uk/planning/planningpolicy,,,
South Cambridgeshire District Council,local-authority-eng:SCA,http://www.scambs.gov.uk/planning/local-plan-and-neighbourhood-planning/the-adopted-development-plan/local-development-framework/local-development-framework-overview/,,,
South Derbyshire District Council,local-authority-eng:SDE,http://www.south-derbys.gov.uk/our-services/planning-and-building-control/planning/planning-policy,,,
South Downs National Park Authority,government-organisation:OT546,http://www.southdowns.gov.uk/planning/,,,
South Gloucestershire Council,local-authority-eng:SGC,http://www.southglos.gov.uk/health-and-social-care/strategies-plans-and-policies/council-strategies-plans/core-strategy-2006-2027/,http://www.southglos.gov.uk/documents/cleanversionforinterimpublication2.pdf,2013-12-01,
South Hams District Council,local-authority-eng:SHA,http://www.southhams.gov.uk/article/3868/Local-Development-Framework,,,
South Holland District Council,local-authority-eng:SHO,http://www.sholland.gov.uk/article/5307/Planning-Policy,,,
South Kesteven District Council,local-authority-eng:SKE,http://www.southkesteven.gov.uk/index.aspx?articleid=8159,,,
South Lakeland District Council,local-authority-eng:SLA,http://www.southlakeland.gov.uk/planning-and-building/south-lakeland-local-plan/,,,
South Norfolk Council,local-authority-eng:SNO,http://www.south-norfolk.gov.uk/residents/planning/planning-policy,,,
South Northamptonshire Council,local-authority-eng:SNR,http://www.southnorthants.gov.uk/planningpolicy,,,
South Oxfordshire District Council,local-authority-eng:SOX,http://www.southoxon.gov.uk/services-and-advice/planning-and-building/planning-policy,,,
South Ribble Borough Council,local-authority-eng:SRI,http://www.southribble.gov.uk/ldf,,,
South Somerset District Council,local-authority-eng:SSO,http://www.southsomerset.gov.uk/planning-and-building-control/,,,
South Staffordshire District Council,local-authority-eng:SST,https://www.sstaffs.gov.uk/planning/local-plans.cfm,,,
South Tyneside Council,local-authority-eng:STY,http://www.southtyneside.gov.uk/article/36015/Local-Development-Framework,,,
Southampton City Council,local-authority-eng:STH,http://www.southampton.gov.uk/planning/planning-policy/adopted-plans/city-centre-action-plan.aspx,http://www.southampton.gov.uk/images/city%20centre%20master%20plan_tcm63-365870.pdf,2013-09-01,
Southend-on-Sea Borough Council,local-authority-eng:SOS,https://www.southend.gov.uk/downloads/download/276/core_strategy,http://www.southend.gov.uk/download/downloads/id/1540/core_strategy_dpd1pdf.pdf,2007-12-01,
Spelthorne Borough Council,local-authority-eng:SPE,http://www.spelthorne.gov.uk/article/2887/Planning-Policy,,,
St Albans City & District Council,local-authority-eng:SAL,http://www.stalbans.gov.uk/planning/Planningpolicy/planningpolicy.aspx,,,
St Edmundsbury Borough Council,local-authority-eng:SED,http://www.westsuffolk.gov.uk/planning/Planning_Policies/local_plans/stedmundsburylocalplan.cfm,,,
St Helens Metropolitan Borough Council,local-authority-eng:SHN,http://www.sthelens.gov.uk/planning-building-control/planning-policy/,,,
Stafford Borough Council,local-authority-eng:STA,http://www.staffordbc.gov.uk/forwardplans,,,
Staffordshire County Council,local-authority-eng:STS,http://www.staffordshire.gov.uk/environment/planning/policy/thedevelopmentplan/home.aspx,,,
Staffordshire Moorlands District Council,local-authority-eng:STF,http://www.staffsmoorlands.gov.uk/article/771/Planning-Policy,,,
Stevenage Borough Council,local-authority-eng:STV,http://www.stevenage.gov.uk/149690/planning-policy/,,,
Stockport Metropolitan Borough Council,local-authority-eng:SKP,http://www.stockport.gov.uk/topic/planning-policy,,,
Stockton-on-Tees Borough Council,local-authority-eng:STT,http://www.stockton.gov.uk/economic-regeneration-and-transport/economic-strategy-and-spatial-planning/the-emerging-local-plan/stockton-on-tees-local-plan/,https://www.stockton.gov.uk/media/875716/1-local-plan.pdf,2017-09-01,
Stoke-on-Trent City Council,local-authority-eng:STE,https://www.newcastle-staffs.gov.uk/all-services/planning/planning-policy/current-development-plan/newcastle-under-lyme-and-stoke-trent,https://www.newcastle-staffs.gov.uk/sites/default/files/IMCE/Planning/Planning_Policy/SpatialStrategy/Core%20Strategy%20Final%20Version%20-%2028th%20October.pdf,2009-10-01,
Stratford-on-Avon District Council,local-authority-eng:STR,https://www.stratford.gov.uk/planning-regeneration/planning-policy.cfm,,,
Stroud District Council,local-authority-eng:STO,http://www.stroud.gov.uk/environment/planning-and-building-control/planning-strategy,,,
Suffolk Coastal District Council,local-authority-eng:SUF,http://www.eastsuffolk.gov.uk/planning/local-plans/suffolk-coastal-local-plan/existing-local-plan/local-development-scheme/,,,
Suffolk County Council,local-authority-eng:SFK,http://www.suffolk.gov.uk/planning-waste-and-environment/minerals-and-waste-policy/,,,
Sunderland City Council,local-authority-eng:SND,http://www.sunderland.gov.uk/planningpolicy,,,
Surrey County Council,local-authority-eng:SRY,http://www.surreycc.gov.uk/land-planning-and-development/minerals-and-waste-policies-and-plans,,,
Surrey Heath Borough Council,local-authority-eng:SUR,http://www.surreyheath.gov.uk/residents/planning/planning-policy,,,
Swale Borough Council,local-authority-eng:SWL,http://www.swale.gov.uk/planning-policy/,,,
Swindon Borough Council,local-authority-eng:SWD,https://www.swindon.gov.uk/info/20113/local_plan_and_planning_policy/635/swindon_borough_local_plan_2,https://www.swindon.gov.uk/download/downloads/id/3988/swindon_borough_local_plan_2026.pdf,2015-03-25,
Tameside Metropolitan Borough Council,local-authority-eng:TAM,http://www.tameside.gov.uk/planning/tamesidelocalplan,,,
Tamworth Borough Council,local-authority-eng:TAW,http://www.tamworth.gov.uk/planning,,,
Tandridge District Council,local-authority-eng:TAN,http://www.tandridge.gov.uk/Planning-and-building/Planning-strategies-and-policies/Local-Plan-2033-emerging-planning-policies,,,
Taunton Deane Borough Council,local-authority-eng:TAU,http://www.tauntondeane.gov.uk/planning-policy/,,,
Teignbridge District Council,local-authority-eng:TEI,http://www.teignbridge.gov.uk/planning/local-plans-and-policy/teignbridge-local-plan-2033/,,,
Telford and Wrekin Council,local-authority-eng:TFW,http://www.telford.gov.uk/downloads/file/1425/the_adopted_core_strategy,http://www.telford.gov.uk/download/downloads/id/1425/the_adopted_core_strategy.pdf,2007-12-01,
Tendring District Council,local-authority-eng:TEN,http://www.tendringdc.gov.uk/planning/local-plans-and-policies,,,
Test Valley Borough Council,local-authority-eng:TES,http://www.testvalley.gov.uk/planning-and-building/planningpolicy,,,
Tewkesbury Borough Council,local-authority-eng:TEW,http://www.tewkesbury.gov.uk/planning-policy/,,,
Thanet District Council,local-authority-eng:THA,http://www.thanet.gov.uk/services/planning-policy/,,,
Broads Authority,national-park:8,http://www.broads-authority.gov.uk/planning/planning-policies,,,
Three Rivers District Council,local-authority-eng:THE,http://www.threerivers.gov.uk/egcl-page/planning-policy,,,
Thurrock Council,local-authority-eng:THR,https://www.thurrock.gov.uk/development-plans-explained/thurrocks-development-plan,https://www.thurrock.gov.uk/sites/default/files/assets/documents/local_plan_complete.pdf,1997-09-01,
Tonbridge and Malling Borough Council,local-authority-eng:TON,http://www.tmbc.gov.uk/services/planning-and-development/planning-policy,,,
Torbay Council,local-authority-eng:TOB,https://www.torbay.gov.uk/council/policies/planning-policies/local-plan/local-plan/,https://www.torbay.gov.uk/media/6836/lp-2012to2030.pdf,2015-12-01,
Torridge District Council,local-authority-eng:TOR,http://www.torridge.gov.uk/planningpolicy,,,
Trafford Metropolitan Borough Council,local-authority-eng:TRF,http://www.trafford.gov.uk/planning/planning.aspx,,,
Tunbridge Wells Borough Council,local-authority-eng:TUN,http://www.tunbridgewells.gov.uk/residents/planning/planning-policy,,,
Uttlesford District Council,local-authority-eng:UTT,http://www.uttlesford.gov.uk/planningpolicy,,,
Vale of White Horse District Council,local-authority-eng:VAL,http://www.whitehorsedc.gov.uk/services-and-advice/planning-and-building/planning-policy,,,
Wakefield Council,local-authority-eng:WKF,http://www.wakefield.gov.uk/planning/policy,,,
Walsall Metropolitan Borough Council,local-authority-eng:WLL,http://go.walsall.gov.uk/planning_policy,,,
Warrington Borough Council,local-authority-eng:WRT,https://www.warrington.gov.uk/info/200564/planning_policy/1903/local_plan,https://www.warrington.gov.uk/download/downloads/id/8612/adopted_local_plan_core_strategy.pdfcs,2014-07-01,
Warwick District Council,local-authority-eng:WAW,http://www.warwickdc.gov.uk/info/20376/planning_policy,,,
Warwickshire County Council,local-authority-eng:WAR,http://www.warwickshire.gov.uk/planningpolicies,,,
Watford Borough Council,local-authority-eng:WAT,http://www.watford.gov.uk/info/20168/planning_policy,,,
Waveney District Council,local-authority-eng:WAV,http://www.eastsuffolk.gov.uk/planning/local-plans/waveney-local-plan/existing-waveney-local-plan/,,,
Waverley Borough Council,local-authority-eng:WAE,http://www.waverley.gov.uk/info/1004/planning_policy,,,
Wealden District Council,local-authority-eng:WEA,http://www.wealden.gov.uk/Wealden/Residents/Planning_and_Building_Control/Planning_Policy/Res_PlanningPolicy.aspx,,,
Wellingborough Borough Council,local-authority-eng:WEL,http://www.wellingborough.gov.uk/info/1004/planning_policy,,,
Welwyn Hatfield District Council,local-authority-eng:WEW,http://www.welhat.gov.uk/developmentplan,,,
West Berkshire Council,local-authority-eng:WBK,https://info.westberks.gov.uk/corestrategy,https://info.westberks.gov.uk/CHttpHandler.ashx?id=36374&p=0,2012-06-16,
West Devon Borough Council,local-authority-eng:WDE,https://www.plymouth.gov.uk/planningandbuildingcontrol/plymouthandsouthwestdevonjointlocalplan,https://www.plymouth.gov.uk/sites/default/files/PlymouthSouthWestDevonJointLocalPlanSubmission.pdf,2017-07-01,
West Dorset District Council,local-authority-eng:WDO,http://www.dorsetforyou.gov.uk/planning-buildings-land/planning-policy/west-dorset-and-weymouth-portland/adopted-local-plan/adopted-local-plan.aspx,,,
West Lancashire District Council,local-authority-eng:WLA,http://www.westlancs.gov.uk/planning/planning-policy.aspx,,,
West Lindsey District Council,local-authority-eng:WLI,http://www.west-lindsey.gov.uk/my-services/planning-and-building/planning-policy/,,,
West Oxfordshire District Council,local-authority-eng:WOX,http://www.westoxon.gov.uk/residents/planning-building/planning-policy/,,,
West Somerset District Council,local-authority-eng:WSO,http://www.westsomersetonline.gov.uk/Planning---Building/Planning-Policy,,,
West Sussex County Council,local-authority-eng:WSX,http://www.westsussex.gov.uk/about-the-council/policies-and-reports/environment-planning-and-waste-policy-and-reports/minerals-and-waste-policy/,,,
Weymouth and Portland Borough Council,local-authority-eng:WEY,https://www.dorsetforyou.gov.uk/planning-buildings-land/planning-policy/west-dorset-and-weymouth-portland/adopted-local-plan/adopted-local-plan.aspx,,,
Wigan Council,local-authority-eng:WGN,http://www.wigan.gov.uk/Council/Strategies-Plans-and-Policies/Planning/Planning.aspx,,,
Wiltshire Council,local-authority-eng:WIL,http://www.wiltshire.gov.uk/planning-policy,,,
Winchester City Council,local-authority-eng:WIN,http://www.winchester.gov.uk/planning-policy/,,,
Wirral Metropolitan Borough Council,local-authority-eng:WRL,http://www.wirral.gov.uk/planning-and-building/local-plans-and-planning-policy,,,
Wokingham Borough Council,local-authority-eng:WOK,http://www.wokingham.gov.uk/planning-policy/planning-policy-information/local-plan-and-planning-policies/,http://www.wokingham.gov.uk/EasySiteWeb/GatewayLink.aspx?alId=268860,2010-01-01,
Wolverhampton City Council,local-authority-eng:WLV,http://www.wolverhampton.gov.uk/planningpolicy,,,
Worcester City Council,local-authority-eng:WOC,http://www.worcester.gov.uk/planning-policy,,,
Worcestershire County Council,local-authority-eng:WOR,http://www.worcestershire.gov.uk/info/20015/planning_policy_and_strategy,,,
Worthing Borough Council,local-authority-eng:WOT,https://www.adur-worthing.gov.uk/worthing-ldf/,,,
Wychavon District Council,local-authority-eng:WYC,http://www.wychavon.gov.uk/planning-policy,,,
Wycombe District Council,local-authority-eng:WYO,http://www.wycombe.gov.uk/browse/Planning-and-building-control/Adopted-planning-policy-and-guidance/Adopted-planning-policy-and-guidance.aspx,,,
Wyre Borough Council,local-authority-eng:WYR,http://www.wyre.gov.uk/info/200317/planning_policy,,,
Wyre Forest District Council,local-authority-eng:WYE,http://www.wyreforestdc.gov.uk/planning-and-buildings/planning-policy.aspx,,,
Yorkshire Dales National Park Authority,government-organisation:OT547,http://www.yorkshiredales.org.uk/living-and-working/planning-policy-section,,,